Date,Title,Price_old
2022-07-02 15:52:29.026220,Multifort TV Big Date Automatic Grey Dial Men's Watch M0495261708100,1227.36
2022-07-03 15:52:29.026220,Multifort TV Big Date Automatic Grey Dial Men's Watch M0495261708100,1112.82
2022-07-04 15:52:29.026220,Multifort TV Big Date Automatic Grey Dial Men's Watch M0495261708100,1296.38
2022-07-05 15:52:29.026220,Multifort TV Big Date Automatic Grey Dial Men's Watch M0495261708100,1179.72
2022-07-06 15:52:29.026220,Multifort TV Big Date Automatic Grey Dial Men's Watch M0495261708100,1111.68
2022-07-07 15:52:29.026220,Multifort TV Big Date Automatic Grey Dial Men's Watch M0495261708100,1245.99
2022-07-08 15:52:29.026220,Multifort TV Big Date Automatic Grey Dial Men's Watch M0495261708100,1207.64
2022-07-09 15:52:29.026220,Multifort TV Big Date Automatic Grey Dial Men's Watch M0495261708100,1214.84
2022-07-10 15:52:29.026220,Multifort TV Big Date Automatic Grey Dial Men's Watch M0495261708100,1276.9
2022-07-11 15:52:29.026220,Multifort TV Big Date Automatic Grey Dial Men's Watch M0495261708100,1170.65
2022-07-12 15:52:29.026220,Multifort TV Big Date Automatic Grey Dial Men's Watch M0495261708100,1282.78
2022-07-13 15:52:29.026220,Multifort TV Big Date Automatic Grey Dial Men's Watch M0495261708100,1148.82
2022-07-14 15:52:29.026220,Multifort TV Big Date Automatic Grey Dial Men's Watch M0495261708100,1133.84
2022-07-15 15:52:29.026220,Multifort TV Big Date Automatic Grey Dial Men's Watch M0495261708100,1259.21
2022-07-16 15:52:29.026220,Multifort TV Big Date Automatic Grey Dial Men's Watch M0495261708100,1274.26
2022-07-17 15:52:29.026220,Multifort TV Big Date Automatic Grey Dial Men's Watch M0495261708100,1201.65
2022-07-18 15:52:29.026220,Multifort TV Big Date Automatic Grey Dial Men's Watch M0495261708100,1286.74
2022-07-19 15:52:29.026220,Multifort TV Big Date Automatic Grey Dial Men's Watch M0495261708100,1129.52
2022-07-20 15:52:29.026220,Multifort TV Big Date Automatic Grey Dial Men's Watch M0495261708100,1146.35
2022-07-21 15:52:29.026220,Multifort TV Big Date Automatic Grey Dial Men's Watch M0495261708100,1183.75
2022-07-22 15:52:29.026220,Multifort TV Big Date Automatic Grey Dial Men's Watch M0495261708100,1211.55
2022-07-23 15:52:29.026220,Multifort TV Big Date Automatic Grey Dial Men's Watch M0495261708100,1119.57
2022-07-24 15:52:29.026220,Multifort TV Big Date Automatic Grey Dial Men's Watch M0495261708100,1202.8
2022-07-25 15:52:29.026220,Multifort TV Big Date Automatic Grey Dial Men's Watch M0495261708100,1278.59
2022-07-26 15:52:29.026220,Multifort TV Big Date Automatic Grey Dial Men's Watch M0495261708100,1225.02
2022-07-27 15:52:29.026220,Multifort TV Big Date Automatic Grey Dial Men's Watch M0495261708100,1125.39
2022-07-28 15:52:29.026220,Multifort TV Big Date Automatic Grey Dial Men's Watch M0495261708100,1224.72
2022-07-29 15:52:29.026220,Multifort TV Big Date Automatic Grey Dial Men's Watch M0495261708100,1200.92
2022-07-30 15:52:29.026220,Multifort TV Big Date Automatic Grey Dial Men's Watch M0495261708100,1196.94
2022-07-31 15:52:29.026220,Multifort TV Big Date Automatic Grey Dial Men's Watch M0495261708100,1124.92
2022-08-01 15:52:29.026220,Multifort TV Big Date Automatic Grey Dial Men's Watch M0495261708100,1106.43
2022-08-02 15:52:29.026220,Multifort TV Big Date Automatic Grey Dial Men's Watch M0495261708100,1277.2
2022-08-03 15:52:29.026220,Multifort TV Big Date Automatic Grey Dial Men's Watch M0495261708100,1137.0
2022-08-04 15:52:29.026220,Multifort TV Big Date Automatic Grey Dial Men's Watch M0495261708100,1245.17
2022-08-05 15:52:29.026220,Multifort TV Big Date Automatic Grey Dial Men's Watch M0495261708100,1124.48
2022-08-06 15:52:29.026220,Multifort TV Big Date Automatic Grey Dial Men's Watch M0495261708100,1206.02
2022-08-07 15:52:29.026220,Multifort TV Big Date Automatic Grey Dial Men's Watch M0495261708100,1115.51
2022-08-08 15:52:29.026220,Multifort TV Big Date Automatic Grey Dial Men's Watch M0495261708100,1124.6
2022-08-09 15:52:29.026220,Multifort TV Big Date Automatic Grey Dial Men's Watch M0495261708100,1111.64
2022-08-10 15:52:29.026220,Multifort TV Big Date Automatic Grey Dial Men's Watch M0495261708100,1267.36
2022-08-11 15:52:29.026220,Multifort TV Big Date Automatic Grey Dial Men's Watch M0495261708100,1294.43
2022-08-12 15:52:29.026220,Multifort TV Big Date Automatic Grey Dial Men's Watch M0495261708100,1295.39
2022-08-13 15:52:29.026220,Multifort TV Big Date Automatic Grey Dial Men's Watch M0495261708100,1132.02
2022-08-14 15:52:29.026220,Multifort TV Big Date Automatic Grey Dial Men's Watch M0495261708100,1205.74
2022-08-15 15:52:29.026220,Multifort TV Big Date Automatic Grey Dial Men's Watch M0495261708100,1142.28
2022-08-16 15:52:29.026220,Multifort TV Big Date Automatic Grey Dial Men's Watch M0495261708100,1189.47
2022-08-17 15:52:29.026220,Multifort TV Big Date Automatic Grey Dial Men's Watch M0495261708100,1147.33
2022-08-18 15:52:29.026220,Multifort TV Big Date Automatic Grey Dial Men's Watch M0495261708100,1214.9
2022-08-19 15:52:29.026220,Multifort TV Big Date Automatic Grey Dial Men's Watch M0495261708100,1238.21
2022-08-20 15:52:29.026220,Multifort TV Big Date Automatic Grey Dial Men's Watch M0495261708100,1221.49
2022-08-21 15:52:29.026220,Multifort TV Big Date Automatic Grey Dial Men's Watch M0495261708100,1297.26
2022-08-22 15:52:29.026220,Multifort TV Big Date Automatic Grey Dial Men's Watch M0495261708100,1111.42
2022-08-23 15:52:29.026220,Multifort TV Big Date Automatic Grey Dial Men's Watch M0495261708100,1291.24
2022-08-24 15:52:29.026220,Multifort TV Big Date Automatic Grey Dial Men's Watch M0495261708100,1144.79
2022-08-25 15:52:29.026220,Multifort TV Big Date Automatic Grey Dial Men's Watch M0495261708100,1214.7
2022-08-26 15:52:29.026220,Multifort TV Big Date Automatic Grey Dial Men's Watch M0495261708100,1178.58
2022-08-27 15:52:29.026220,Multifort TV Big Date Automatic Grey Dial Men's Watch M0495261708100,1237.44
2022-08-28 15:52:29.026220,Multifort TV Big Date Automatic Grey Dial Men's Watch M0495261708100,1116.83
2022-08-29 15:52:29.026220,Multifort TV Big Date Automatic Grey Dial Men's Watch M0495261708100,1293.08
2022-08-30 15:52:29.026220,Multifort TV Big Date Automatic Grey Dial Men's Watch M0495261708100,1155.13
2022-08-31 15:52:29.026220,Multifort TV Big Date Automatic Grey Dial Men's Watch M0495261708100,1268.22
2022-09-01 15:52:29.026220,Multifort TV Big Date Automatic Grey Dial Men's Watch M0495261708100,1185.68
2022-09-02 15:52:29.026220,Multifort TV Big Date Automatic Grey Dial Men's Watch M0495261708100,1149.68
2022-09-03 15:52:29.026220,Multifort TV Big Date Automatic Grey Dial Men's Watch M0495261708100,1105.4
2022-09-04 15:52:29.026220,Multifort TV Big Date Automatic Grey Dial Men's Watch M0495261708100,1277.38
2022-09-05 15:52:29.026220,Multifort TV Big Date Automatic Grey Dial Men's Watch M0495261708100,1213.41
2022-09-06 15:52:29.026220,Multifort TV Big Date Automatic Grey Dial Men's Watch M0495261708100,1102.37
2022-09-07 15:52:29.026220,Multifort TV Big Date Automatic Grey Dial Men's Watch M0495261708100,1230.26
2022-09-08 15:52:29.026220,Multifort TV Big Date Automatic Grey Dial Men's Watch M0495261708100,1185.83
2022-09-09 15:52:29.026220,Multifort TV Big Date Automatic Grey Dial Men's Watch M0495261708100,1191.67
2022-09-10 15:52:29.026220,Multifort TV Big Date Automatic Grey Dial Men's Watch M0495261708100,1170.32
2022-09-11 15:52:29.026220,Multifort TV Big Date Automatic Grey Dial Men's Watch M0495261708100,1294.25
2022-09-12 15:52:29.026220,Multifort TV Big Date Automatic Grey Dial Men's Watch M0495261708100,1190.92
2022-09-13 15:52:29.026220,Multifort TV Big Date Automatic Grey Dial Men's Watch M0495261708100,1138.84
2022-09-14 15:52:29.026220,Multifort TV Big Date Automatic Grey Dial Men's Watch M0495261708100,1289.85
2022-09-15 15:52:29.026220,Multifort TV Big Date Automatic Grey Dial Men's Watch M0495261708100,1139.74
2022-09-16 15:52:29.026220,Multifort TV Big Date Automatic Grey Dial Men's Watch M0495261708100,1229.6
2022-09-17 15:52:29.026220,Multifort TV Big Date Automatic Grey Dial Men's Watch M0495261708100,1291.87
2022-09-18 15:52:29.026220,Multifort TV Big Date Automatic Grey Dial Men's Watch M0495261708100,1168.18
2022-09-19 15:52:29.026220,Multifort TV Big Date Automatic Grey Dial Men's Watch M0495261708100,1222.8
2022-09-20 15:52:29.026220,Multifort TV Big Date Automatic Grey Dial Men's Watch M0495261708100,1233.54
2022-09-21 15:52:29.026220,Multifort TV Big Date Automatic Grey Dial Men's Watch M0495261708100,1239.02
2022-09-22 15:52:29.026220,Multifort TV Big Date Automatic Grey Dial Men's Watch M0495261708100,1163.78
2022-09-23 15:52:29.026220,Multifort TV Big Date Automatic Grey Dial Men's Watch M0495261708100,1226.14
2022-09-24 15:52:29.026220,Multifort TV Big Date Automatic Grey Dial Men's Watch M0495261708100,1149.65
2022-09-25 15:52:29.026220,Multifort TV Big Date Automatic Grey Dial Men's Watch M0495261708100,1298.46
2022-09-26 15:52:29.026220,Multifort TV Big Date Automatic Grey Dial Men's Watch M0495261708100,1146.95
2022-09-27 15:52:29.026220,Multifort TV Big Date Automatic Grey Dial Men's Watch M0495261708100,1252.3
2022-09-28 15:52:29.026220,Multifort TV Big Date Automatic Grey Dial Men's Watch M0495261708100,1262.57
2022-09-29 15:52:29.026220,Multifort TV Big Date Automatic Grey Dial Men's Watch M0495261708100,1153.52
2022-09-30 15:52:29.026220,Multifort TV Big Date Automatic Grey Dial Men's Watch M0495261708100,1232.57
2022-10-01 15:52:29.026220,Multifort TV Big Date Automatic Grey Dial Men's Watch M0495261708100,1282.36
2022-10-02 15:52:29.026220,Multifort TV Big Date Automatic Grey Dial Men's Watch M0495261708100,1279.66
2022-10-03 15:52:29.026220,Multifort TV Big Date Automatic Grey Dial Men's Watch M0495261708100,1259.42
2022-10-04 15:52:29.026220,Multifort TV Big Date Automatic Grey Dial Men's Watch M0495261708100,1213.67
2022-10-05 15:52:29.026220,Multifort TV Big Date Automatic Grey Dial Men's Watch M0495261708100,1275.02
2022-10-06 15:52:29.026220,Multifort TV Big Date Automatic Grey Dial Men's Watch M0495261708100,1282.73
2022-10-07 15:52:29.026220,Multifort TV Big Date Automatic Grey Dial Men's Watch M0495261708100,1270.53
2022-10-08 15:52:29.026220,Multifort TV Big Date Automatic Grey Dial Men's Watch M0495261708100,1282.71
2022-10-09 15:52:29.026220,Multifort TV Big Date Automatic Grey Dial Men's Watch M0495261708100,1214.65
2022-10-10 15:52:29.026220,Multifort TV Big Date Automatic Grey Dial Men's Watch M0495261708100,1120.62
2022-10-11 15:52:29.026220,Multifort TV Big Date Automatic Grey Dial Men's Watch M0495261708100,1257.62
2022-10-12 15:52:29.026220,Multifort TV Big Date Automatic Grey Dial Men's Watch M0495261708100,1218.12
2022-10-13 15:52:29.026220,Multifort TV Big Date Automatic Grey Dial Men's Watch M0495261708100,1259.59
2022-10-14 15:52:29.026220,Multifort TV Big Date Automatic Grey Dial Men's Watch M0495261708100,1232.53
2022-10-15 15:52:29.026220,Multifort TV Big Date Automatic Grey Dial Men's Watch M0495261708100,1272.75
2022-10-16 15:52:29.026220,Multifort TV Big Date Automatic Grey Dial Men's Watch M0495261708100,1294.0
2022-10-17 15:52:29.026220,Multifort TV Big Date Automatic Grey Dial Men's Watch M0495261708100,1147.82
2022-10-18 15:52:29.026220,Multifort TV Big Date Automatic Grey Dial Men's Watch M0495261708100,1101.49
2022-10-19 15:52:29.026220,Multifort TV Big Date Automatic Grey Dial Men's Watch M0495261708100,1102.55
2022-10-20 15:52:29.026220,Multifort TV Big Date Automatic Grey Dial Men's Watch M0495261708100,1123.86
2022-10-21 15:52:29.026220,Multifort TV Big Date Automatic Grey Dial Men's Watch M0495261708100,1186.98
2022-10-22 15:52:29.026220,Multifort TV Big Date Automatic Grey Dial Men's Watch M0495261708100,1101.82
2022-10-23 15:52:29.026220,Multifort TV Big Date Automatic Grey Dial Men's Watch M0495261708100,1299.4
2022-10-24 15:52:29.026220,Multifort TV Big Date Automatic Grey Dial Men's Watch M0495261708100,1242.09
2022-10-25 15:52:29.026220,Multifort TV Big Date Automatic Grey Dial Men's Watch M0495261708100,1275.61
2022-10-26 15:52:29.026220,Multifort TV Big Date Automatic Grey Dial Men's Watch M0495261708100,1113.2
2022-10-27 15:52:29.026220,Multifort TV Big Date Automatic Grey Dial Men's Watch M0495261708100,1127.46
2022-10-28 15:52:29.026220,Multifort TV Big Date Automatic Grey Dial Men's Watch M0495261708100,1231.81
2022-10-29 15:52:29.026220,Multifort TV Big Date Automatic Grey Dial Men's Watch M0495261708100,1176.27
2022-10-30 15:52:29.026220,Multifort TV Big Date Automatic Grey Dial Men's Watch M0495261708100,1162.13
2022-10-31 15:52:29.026220,Multifort TV Big Date Automatic Grey Dial Men's Watch M0495261708100,1130.21
2022-11-01 15:52:29.026220,Multifort TV Big Date Automatic Grey Dial Men's Watch M0495261708100,1271.95
2022-11-02 15:52:29.026220,Multifort TV Big Date Automatic Grey Dial Men's Watch M0495261708100,1223.83
2022-11-03 15:52:29.026220,Multifort TV Big Date Automatic Grey Dial Men's Watch M0495261708100,1238.7
2022-11-04 15:52:29.026220,Multifort TV Big Date Automatic Grey Dial Men's Watch M0495261708100,1200.54
2022-11-05 15:52:29.026220,Multifort TV Big Date Automatic Grey Dial Men's Watch M0495261708100,1113.64
2022-11-06 15:52:29.026220,Multifort TV Big Date Automatic Grey Dial Men's Watch M0495261708100,1283.76
2022-11-07 15:52:29.026220,Multifort TV Big Date Automatic Grey Dial Men's Watch M0495261708100,1183.65
2022-11-08 15:52:29.026220,Multifort TV Big Date Automatic Grey Dial Men's Watch M0495261708100,1249.5
2022-11-09 15:52:29.026220,Multifort TV Big Date Automatic Grey Dial Men's Watch M0495261708100,1172.12
2022-11-10 15:52:29.026220,Multifort TV Big Date Automatic Grey Dial Men's Watch M0495261708100,1144.19
2022-11-11 15:52:29.026220,Multifort TV Big Date Automatic Grey Dial Men's Watch M0495261708100,1197.42
2022-11-12 15:52:29.026220,Multifort TV Big Date Automatic Grey Dial Men's Watch M0495261708100,1274.43
2022-11-13 15:52:29.026220,Multifort TV Big Date Automatic Grey Dial Men's Watch M0495261708100,1166.22
2022-11-14 15:52:29.026220,Multifort TV Big Date Automatic Grey Dial Men's Watch M0495261708100,1184.89
2022-11-15 15:52:29.026220,Multifort TV Big Date Automatic Grey Dial Men's Watch M0495261708100,1263.99
2022-11-16 15:52:29.026220,Multifort TV Big Date Automatic Grey Dial Men's Watch M0495261708100,1149.43
2022-11-17 15:52:29.026220,Multifort TV Big Date Automatic Grey Dial Men's Watch M0495261708100,1111.6
2022-11-18 15:52:29.026220,Multifort TV Big Date Automatic Grey Dial Men's Watch M0495261708100,1283.41
2022-11-19 15:52:29.026220,Multifort TV Big Date Automatic Grey Dial Men's Watch M0495261708100,1211.9
2022-11-20 15:52:29.026220,Multifort TV Big Date Automatic Grey Dial Men's Watch M0495261708100,1262.47
2022-11-21 15:52:29.026220,Multifort TV Big Date Automatic Grey Dial Men's Watch M0495261708100,1277.82
2022-11-22 15:52:29.026220,Multifort TV Big Date Automatic Grey Dial Men's Watch M0495261708100,1286.39
2022-11-23 15:52:29.026220,Multifort TV Big Date Automatic Grey Dial Men's Watch M0495261708100,1295.04
2022-11-24 15:52:29.026220,Multifort TV Big Date Automatic Grey Dial Men's Watch M0495261708100,1217.37
2022-11-25 15:52:29.026220,Multifort TV Big Date Automatic Grey Dial Men's Watch M0495261708100,1205.97
2022-11-26 15:52:29.026220,Multifort TV Big Date Automatic Grey Dial Men's Watch M0495261708100,1130.92
2022-11-27 15:52:29.026220,Multifort TV Big Date Automatic Grey Dial Men's Watch M0495261708100,1192.44
2022-11-28 15:52:29.026220,Multifort TV Big Date Automatic Grey Dial Men's Watch M0495261708100,1140.92
2022-11-29 15:52:29.026220,Multifort TV Big Date Automatic Grey Dial Men's Watch M0495261708100,1283.38
2022-11-30 15:52:29.026220,Multifort TV Big Date Automatic Grey Dial Men's Watch M0495261708100,1251.06
2022-12-01 15:52:29.026220,Multifort TV Big Date Automatic Grey Dial Men's Watch M0495261708100,1263.94
2022-12-02 15:52:29.026220,Multifort TV Big Date Automatic Grey Dial Men's Watch M0495261708100,1234.55
2022-12-03 15:52:29.026220,Multifort TV Big Date Automatic Grey Dial Men's Watch M0495261708100,1122.1
2022-12-04 15:52:29.026220,Multifort TV Big Date Automatic Grey Dial Men's Watch M0495261708100,1103.16
2022-12-05 15:52:29.026220,Multifort TV Big Date Automatic Grey Dial Men's Watch M0495261708100,1176.63
2022-12-06 15:52:29.026220,Multifort TV Big Date Automatic Grey Dial Men's Watch M0495261708100,1249.61
2022-12-07 15:52:29.026220,Multifort TV Big Date Automatic Grey Dial Men's Watch M0495261708100,1296.81
2022-12-08 15:52:29.026220,Multifort TV Big Date Automatic Grey Dial Men's Watch M0495261708100,1184.62
2022-12-09 15:52:29.026220,Multifort TV Big Date Automatic Grey Dial Men's Watch M0495261708100,1180.0
2022-12-10 15:52:29.026220,Multifort TV Big Date Automatic Grey Dial Men's Watch M0495261708100,1155.92
2022-12-11 15:52:29.026220,Multifort TV Big Date Automatic Grey Dial Men's Watch M0495261708100,1100.91
2022-12-12 15:52:29.026220,Multifort TV Big Date Automatic Grey Dial Men's Watch M0495261708100,1121.2
2022-12-13 15:52:29.026220,Multifort TV Big Date Automatic Grey Dial Men's Watch M0495261708100,1100.63
2022-12-14 15:52:29.026220,Multifort TV Big Date Automatic Grey Dial Men's Watch M0495261708100,1140.95
2022-12-15 15:52:29.026220,Multifort TV Big Date Automatic Grey Dial Men's Watch M0495261708100,1107.31
2022-12-16 15:52:29.026220,Multifort TV Big Date Automatic Grey Dial Men's Watch M0495261708100,1294.3
2022-12-17 15:52:29.026220,Multifort TV Big Date Automatic Grey Dial Men's Watch M0495261708100,1117.43
2022-12-18 15:52:29.026220,Multifort TV Big Date Automatic Grey Dial Men's Watch M0495261708100,1102.28
2022-12-19 15:52:29.026220,Multifort TV Big Date Automatic Grey Dial Men's Watch M0495261708100,1214.02
2022-12-20 15:52:29.026220,Multifort TV Big Date Automatic Grey Dial Men's Watch M0495261708100,1201.2
2022-12-21 15:52:29.026220,Multifort TV Big Date Automatic Grey Dial Men's Watch M0495261708100,1101.2
2022-12-22 15:52:29.026220,Multifort TV Big Date Automatic Grey Dial Men's Watch M0495261708100,1153.45
2022-12-23 15:52:29.026220,Multifort TV Big Date Automatic Grey Dial Men's Watch M0495261708100,1296.78
2022-12-24 15:52:29.026220,Multifort TV Big Date Automatic Grey Dial Men's Watch M0495261708100,1110.12
2022-12-25 15:52:29.026220,Multifort TV Big Date Automatic Grey Dial Men's Watch M0495261708100,1188.27
2022-12-26 15:52:29.026220,Multifort TV Big Date Automatic Grey Dial Men's Watch M0495261708100,1153.89
2022-12-27 15:52:29.026220,Multifort TV Big Date Automatic Grey Dial Men's Watch M0495261708100,1212.11
2022-12-28 15:52:29.026220,Multifort TV Big Date Automatic Grey Dial Men's Watch M0495261708100,1264.09
2022-12-29 15:52:29.026220,Multifort TV Big Date Automatic Grey Dial Men's Watch M0495261708100,1289.45
2022-12-30 15:52:29.026220,Multifort TV Big Date Automatic Grey Dial Men's Watch M0495261708100,1197.77
2022-12-31 15:52:29.026220,Multifort TV Big Date Automatic Grey Dial Men's Watch M0495261708100,1260.24
2023-01-01 15:52:29.026220,Multifort TV Big Date Automatic Grey Dial Men's Watch M0495261708100,1270.91
2023-01-02 15:52:29.026220,Multifort TV Big Date Automatic Grey Dial Men's Watch M0495261708100,1187.69
2023-01-03 15:52:29.026220,Multifort TV Big Date Automatic Grey Dial Men's Watch M0495261708100,1124.22
2023-01-04 15:52:29.026220,Multifort TV Big Date Automatic Grey Dial Men's Watch M0495261708100,1176.01
2023-01-05 15:52:29.026220,Multifort TV Big Date Automatic Grey Dial Men's Watch M0495261708100,1131.82
2023-01-06 15:52:29.026220,Multifort TV Big Date Automatic Grey Dial Men's Watch M0495261708100,1123.55
2023-01-07 15:52:29.026220,Multifort TV Big Date Automatic Grey Dial Men's Watch M0495261708100,1268.39
2023-01-08 15:52:29.026220,Multifort TV Big Date Automatic Grey Dial Men's Watch M0495261708100,1205.09
2023-01-09 15:52:29.026220,Multifort TV Big Date Automatic Grey Dial Men's Watch M0495261708100,1295.37
2023-01-10 15:52:29.026220,Multifort TV Big Date Automatic Grey Dial Men's Watch M0495261708100,1119.51
2023-01-11 15:52:29.026220,Multifort TV Big Date Automatic Grey Dial Men's Watch M0495261708100,1282.24
2023-01-12 15:52:29.026220,Multifort TV Big Date Automatic Grey Dial Men's Watch M0495261708100,1277.09
2023-01-13 15:52:29.026220,Multifort TV Big Date Automatic Grey Dial Men's Watch M0495261708100,1224.23
2023-01-14 15:52:29.026220,Multifort TV Big Date Automatic Grey Dial Men's Watch M0495261708100,1175.65
2023-01-15 15:52:29.026220,Multifort TV Big Date Automatic Grey Dial Men's Watch M0495261708100,1238.54
2023-01-16 15:52:29.026220,Multifort TV Big Date Automatic Grey Dial Men's Watch M0495261708100,1230.6
2023-01-17 15:52:29.026220,Multifort TV Big Date Automatic Grey Dial Men's Watch M0495261708100,1188.43
2023-01-18 15:52:29.026220,Multifort TV Big Date Automatic Grey Dial Men's Watch M0495261708100,1196.51
2023-01-19 15:52:29.026220,Multifort TV Big Date Automatic Grey Dial Men's Watch M0495261708100,1208.15
2023-01-20 15:52:29.026220,Multifort TV Big Date Automatic Grey Dial Men's Watch M0495261708100,1276.9
2023-01-21 15:52:29.026220,Multifort TV Big Date Automatic Grey Dial Men's Watch M0495261708100,1164.72
2023-01-22 15:52:29.026220,Multifort TV Big Date Automatic Grey Dial Men's Watch M0495261708100,1169.73
2023-01-23 15:52:29.026220,Multifort TV Big Date Automatic Grey Dial Men's Watch M0495261708100,1227.33
2023-01-24 15:52:29.026220,Multifort TV Big Date Automatic Grey Dial Men's Watch M0495261708100,1161.48
2023-01-25 15:52:29.026220,Multifort TV Big Date Automatic Grey Dial Men's Watch M0495261708100,1192.62
2023-01-26 15:52:29.026220,Multifort TV Big Date Automatic Grey Dial Men's Watch M0495261708100,1202.6
2023-01-27 15:52:29.026220,Multifort TV Big Date Automatic Grey Dial Men's Watch M0495261708100,1239.46
2023-01-28 15:52:29.026220,Multifort TV Big Date Automatic Grey Dial Men's Watch M0495261708100,1170.96
2023-01-29 15:52:29.026220,Multifort TV Big Date Automatic Grey Dial Men's Watch M0495261708100,1123.29
2023-01-30 15:52:29.026220,Multifort TV Big Date Automatic Grey Dial Men's Watch M0495261708100,1118.04
2023-01-31 15:52:29.026220,Multifort TV Big Date Automatic Grey Dial Men's Watch M0495261708100,1120.45
2023-02-01 15:52:29.026220,Multifort TV Big Date Automatic Grey Dial Men's Watch M0495261708100,1221.36
2023-02-02 15:52:29.026220,Multifort TV Big Date Automatic Grey Dial Men's Watch M0495261708100,1206.19
2023-02-03 15:52:29.026220,Multifort TV Big Date Automatic Grey Dial Men's Watch M0495261708100,1230.07
2023-02-04 15:52:29.026220,Multifort TV Big Date Automatic Grey Dial Men's Watch M0495261708100,1156.09
2023-02-05 15:52:29.026220,Multifort TV Big Date Automatic Grey Dial Men's Watch M0495261708100,1222.57
2023-02-06 15:52:29.026220,Multifort TV Big Date Automatic Grey Dial Men's Watch M0495261708100,1246.71
2023-02-07 15:52:29.026220,Multifort TV Big Date Automatic Grey Dial Men's Watch M0495261708100,1269.15
2023-02-08 15:52:29.026220,Multifort TV Big Date Automatic Grey Dial Men's Watch M0495261708100,1251.35
2023-02-09 15:52:29.026220,Multifort TV Big Date Automatic Grey Dial Men's Watch M0495261708100,1230.53
2023-02-10 15:52:29.026220,Multifort TV Big Date Automatic Grey Dial Men's Watch M0495261708100,1294.91
2023-02-11 15:52:29.026220,Multifort TV Big Date Automatic Grey Dial Men's Watch M0495261708100,1102.97
2023-02-12 15:52:29.026220,Multifort TV Big Date Automatic Grey Dial Men's Watch M0495261708100,1107.26
2023-02-13 15:52:29.026220,Multifort TV Big Date Automatic Grey Dial Men's Watch M0495261708100,1109.29
2023-02-14 15:52:29.026220,Multifort TV Big Date Automatic Grey Dial Men's Watch M0495261708100,1111.27
2023-02-15 15:52:29.026220,Multifort TV Big Date Automatic Grey Dial Men's Watch M0495261708100,1239.89
2023-02-16 15:52:29.026220,Multifort TV Big Date Automatic Grey Dial Men's Watch M0495261708100,1154.4
2023-02-17 15:52:29.026220,Multifort TV Big Date Automatic Grey Dial Men's Watch M0495261708100,1136.5
2023-02-18 15:52:29.026220,Multifort TV Big Date Automatic Grey Dial Men's Watch M0495261708100,1153.35
2023-02-19 15:52:29.026220,Multifort TV Big Date Automatic Grey Dial Men's Watch M0495261708100,1226.54
2023-02-20 15:52:29.026220,Multifort TV Big Date Automatic Grey Dial Men's Watch M0495261708100,1261.39
2023-02-21 15:52:29.026220,Multifort TV Big Date Automatic Grey Dial Men's Watch M0495261708100,1248.91
2023-02-22 15:52:29.026220,Multifort TV Big Date Automatic Grey Dial Men's Watch M0495261708100,1145.04
2023-02-23 15:52:29.026220,Multifort TV Big Date Automatic Grey Dial Men's Watch M0495261708100,1251.91
2023-02-24 15:52:29.026220,Multifort TV Big Date Automatic Grey Dial Men's Watch M0495261708100,1292.8
2023-02-25 15:52:29.026220,Multifort TV Big Date Automatic Grey Dial Men's Watch M0495261708100,1147.7
2023-02-26 15:52:29.026220,Multifort TV Big Date Automatic Grey Dial Men's Watch M0495261708100,1167.7
2023-02-27 15:52:29.026220,Multifort TV Big Date Automatic Grey Dial Men's Watch M0495261708100,1127.76
2023-02-28 15:52:29.026220,Multifort TV Big Date Automatic Grey Dial Men's Watch M0495261708100,1136.9
2023-03-01 15:52:29.026220,Multifort TV Big Date Automatic Grey Dial Men's Watch M0495261708100,1276.86
2023-03-02 15:52:29.026220,Multifort TV Big Date Automatic Grey Dial Men's Watch M0495261708100,1173.94
2023-03-03 15:52:29.026220,Multifort TV Big Date Automatic Grey Dial Men's Watch M0495261708100,1154.24
2023-03-04 15:52:29.026220,Multifort TV Big Date Automatic Grey Dial Men's Watch M0495261708100,1163.41
2023-03-05 15:52:29.026220,Multifort TV Big Date Automatic Grey Dial Men's Watch M0495261708100,1235.81
2023-03-06 15:52:29.026220,Multifort TV Big Date Automatic Grey Dial Men's Watch M0495261708100,1108.56
2023-03-07 15:52:29.026220,Multifort TV Big Date Automatic Grey Dial Men's Watch M0495261708100,1121.07
2023-03-08 15:52:29.026220,Multifort TV Big Date Automatic Grey Dial Men's Watch M0495261708100,1128.61
2023-03-09 15:52:29.026220,Multifort TV Big Date Automatic Grey Dial Men's Watch M0495261708100,1180.69
2023-03-10 15:52:29.026220,Multifort TV Big Date Automatic Grey Dial Men's Watch M0495261708100,1148.04
2023-03-11 15:52:29.026220,Multifort TV Big Date Automatic Grey Dial Men's Watch M0495261708100,1240.69
2023-03-12 15:52:29.026220,Multifort TV Big Date Automatic Grey Dial Men's Watch M0495261708100,1268.47
2023-03-13 15:52:29.026220,Multifort TV Big Date Automatic Grey Dial Men's Watch M0495261708100,1156.32
2023-03-14 15:52:29.026220,Multifort TV Big Date Automatic Grey Dial Men's Watch M0495261708100,1135.57
2023-03-15 15:52:29.026220,Multifort TV Big Date Automatic Grey Dial Men's Watch M0495261708100,1141.63
2023-03-16 15:52:29.026220,Multifort TV Big Date Automatic Grey Dial Men's Watch M0495261708100,1184.79
2023-03-17 15:52:29.026220,Multifort TV Big Date Automatic Grey Dial Men's Watch M0495261708100,1265.85
2023-03-18 15:52:29.026220,Multifort TV Big Date Automatic Grey Dial Men's Watch M0495261708100,1286.81
2023-03-19 15:52:29.026220,Multifort TV Big Date Automatic Grey Dial Men's Watch M0495261708100,1119.96
2023-03-20 15:52:29.026220,Multifort TV Big Date Automatic Grey Dial Men's Watch M0495261708100,1249.46
2023-03-21 15:52:29.026220,Multifort TV Big Date Automatic Grey Dial Men's Watch M0495261708100,1196.37
2023-03-22 15:52:29.026220,Multifort TV Big Date Automatic Grey Dial Men's Watch M0495261708100,1223.38
2023-03-23 15:52:29.026220,Multifort TV Big Date Automatic Grey Dial Men's Watch M0495261708100,1131.99
2023-03-24 15:52:29.026220,Multifort TV Big Date Automatic Grey Dial Men's Watch M0495261708100,1241.27
2023-03-25 15:52:29.026220,Multifort TV Big Date Automatic Grey Dial Men's Watch M0495261708100,1227.31
2023-03-26 15:52:29.026220,Multifort TV Big Date Automatic Grey Dial Men's Watch M0495261708100,1241.19
2023-03-27 15:52:29.026220,Multifort TV Big Date Automatic Grey Dial Men's Watch M0495261708100,1134.26
2023-03-28 15:52:29.026220,Multifort TV Big Date Automatic Grey Dial Men's Watch M0495261708100,1275.02
2023-03-29 15:52:29.026220,Multifort TV Big Date Automatic Grey Dial Men's Watch M0495261708100,1201.75
2023-03-30 15:52:29.026220,Multifort TV Big Date Automatic Grey Dial Men's Watch M0495261708100,1192.85
2023-03-31 15:52:29.026220,Multifort TV Big Date Automatic Grey Dial Men's Watch M0495261708100,1205.91
2023-04-01 15:52:29.026220,Multifort TV Big Date Automatic Grey Dial Men's Watch M0495261708100,1285.58
2023-04-02 15:52:29.026220,Multifort TV Big Date Automatic Grey Dial Men's Watch M0495261708100,1145.86
2023-04-03 15:52:29.026220,Multifort TV Big Date Automatic Grey Dial Men's Watch M0495261708100,1251.84
2023-04-04 15:52:29.026220,Multifort TV Big Date Automatic Grey Dial Men's Watch M0495261708100,1260.95
2023-04-05 15:52:29.026220,Multifort TV Big Date Automatic Grey Dial Men's Watch M0495261708100,1117.16
2023-04-06 15:52:29.026220,Multifort TV Big Date Automatic Grey Dial Men's Watch M0495261708100,1225.53
2023-04-07 15:52:29.026220,Multifort TV Big Date Automatic Grey Dial Men's Watch M0495261708100,1133.43
2023-04-08 15:52:29.026220,Multifort TV Big Date Automatic Grey Dial Men's Watch M0495261708100,1101.75
2023-04-09 15:52:29.026220,Multifort TV Big Date Automatic Grey Dial Men's Watch M0495261708100,1216.04
2023-04-10 15:52:29.026220,Multifort TV Big Date Automatic Grey Dial Men's Watch M0495261708100,1140.76
2023-04-11 15:52:29.026220,Multifort TV Big Date Automatic Grey Dial Men's Watch M0495261708100,1276.92
2023-04-12 15:52:29.026220,Multifort TV Big Date Automatic Grey Dial Men's Watch M0495261708100,1132.16
2023-04-13 15:52:29.026220,Multifort TV Big Date Automatic Grey Dial Men's Watch M0495261708100,1111.53
2023-04-14 15:52:29.026220,Multifort TV Big Date Automatic Grey Dial Men's Watch M0495261708100,1178.49
2023-04-15 15:52:29.026220,Multifort TV Big Date Automatic Grey Dial Men's Watch M0495261708100,1270.47
2023-04-16 15:52:29.026220,Multifort TV Big Date Automatic Grey Dial Men's Watch M0495261708100,1106.26
2023-04-17 15:52:29.026220,Multifort TV Big Date Automatic Grey Dial Men's Watch M0495261708100,1132.85
2023-04-18 15:52:29.026220,Multifort TV Big Date Automatic Grey Dial Men's Watch M0495261708100,1275.73
2023-04-19 15:52:29.026220,Multifort TV Big Date Automatic Grey Dial Men's Watch M0495261708100,1161.03
2023-04-20 15:52:29.026220,Multifort TV Big Date Automatic Grey Dial Men's Watch M0495261708100,1174.67
2023-04-21 15:52:29.026220,Multifort TV Big Date Automatic Grey Dial Men's Watch M0495261708100,1182.48
2023-04-22 15:52:29.026220,Multifort TV Big Date Automatic Grey Dial Men's Watch M0495261708100,1152.44
2023-04-23 15:52:29.026220,Multifort TV Big Date Automatic Grey Dial Men's Watch M0495261708100,1225.3
2023-04-24 15:52:29.026220,Multifort TV Big Date Automatic Grey Dial Men's Watch M0495261708100,1213.36
2023-04-25 15:52:29.026220,Multifort TV Big Date Automatic Grey Dial Men's Watch M0495261708100,1225.7
2023-04-26 15:52:29.026220,Multifort TV Big Date Automatic Grey Dial Men's Watch M0495261708100,1260.09
2023-04-27 15:52:29.026220,Multifort TV Big Date Automatic Grey Dial Men's Watch M0495261708100,1177.92
2023-04-28 15:52:29.026220,Multifort TV Big Date Automatic Grey Dial Men's Watch M0495261708100,1201.55
2023-04-29 15:52:29.026220,Multifort TV Big Date Automatic Grey Dial Men's Watch M0495261708100,1255.69
2023-04-30 15:52:29.026220,Multifort TV Big Date Automatic Grey Dial Men's Watch M0495261708100,1194.35
2023-05-01 15:52:29.026220,Multifort TV Big Date Automatic Grey Dial Men's Watch M0495261708100,1172.83
2023-05-02 15:52:29.026220,Multifort TV Big Date Automatic Grey Dial Men's Watch M0495261708100,1240.11
2023-05-03 15:52:29.026220,Multifort TV Big Date Automatic Grey Dial Men's Watch M0495261708100,1172.46
2023-05-04 15:52:29.026220,Multifort TV Big Date Automatic Grey Dial Men's Watch M0495261708100,1146.21
2023-05-05 15:52:29.026220,Multifort TV Big Date Automatic Grey Dial Men's Watch M0495261708100,1292.04
2023-05-06 15:52:29.026220,Multifort TV Big Date Automatic Grey Dial Men's Watch M0495261708100,1264.03
2023-05-07 15:52:29.026220,Multifort TV Big Date Automatic Grey Dial Men's Watch M0495261708100,1256.75
2023-05-08 15:52:29.026220,Multifort TV Big Date Automatic Grey Dial Men's Watch M0495261708100,1129.16
2023-05-09 15:52:29.026220,Multifort TV Big Date Automatic Grey Dial Men's Watch M0495261708100,1246.79
2023-05-10 15:52:29.026220,Multifort TV Big Date Automatic Grey Dial Men's Watch M0495261708100,1115.82
2023-05-11 15:52:29.026220,Multifort TV Big Date Automatic Grey Dial Men's Watch M0495261708100,1195.38
2023-05-12 15:52:29.026220,Multifort TV Big Date Automatic Grey Dial Men's Watch M0495261708100,1214.65
2023-05-13 15:52:29.026220,Multifort TV Big Date Automatic Grey Dial Men's Watch M0495261708100,1262.51
2023-05-14 15:52:29.026220,Multifort TV Big Date Automatic Grey Dial Men's Watch M0495261708100,1232.04
2023-05-15 15:52:29.026220,Multifort TV Big Date Automatic Grey Dial Men's Watch M0495261708100,1235.1
2023-05-16 15:52:29.026220,Multifort TV Big Date Automatic Grey Dial Men's Watch M0495261708100,1185.61
2023-05-17 15:52:29.026220,Multifort TV Big Date Automatic Grey Dial Men's Watch M0495261708100,1258.24
2023-05-18 15:52:29.026220,Multifort TV Big Date Automatic Grey Dial Men's Watch M0495261708100,1211.73
2023-05-19 15:52:29.026220,Multifort TV Big Date Automatic Grey Dial Men's Watch M0495261708100,1212.01
2023-05-20 15:52:29.026220,Multifort TV Big Date Automatic Grey Dial Men's Watch M0495261708100,1235.09
2023-05-21 15:52:29.026220,Multifort TV Big Date Automatic Grey Dial Men's Watch M0495261708100,1120.28
2023-05-22 15:52:29.026220,Multifort TV Big Date Automatic Grey Dial Men's Watch M0495261708100,1282.03
2023-05-23 15:52:29.026220,Multifort TV Big Date Automatic Grey Dial Men's Watch M0495261708100,1272.68
2023-05-24 15:52:29.026220,Multifort TV Big Date Automatic Grey Dial Men's Watch M0495261708100,1108.07
2023-05-25 15:52:29.026220,Multifort TV Big Date Automatic Grey Dial Men's Watch M0495261708100,1203.68
2023-05-26 15:52:29.026220,Multifort TV Big Date Automatic Grey Dial Men's Watch M0495261708100,1196.75
2023-05-27 15:52:29.026220,Multifort TV Big Date Automatic Grey Dial Men's Watch M0495261708100,1277.62
2023-05-28 15:52:29.026220,Multifort TV Big Date Automatic Grey Dial Men's Watch M0495261708100,1235.82
2023-05-29 15:52:29.026220,Multifort TV Big Date Automatic Grey Dial Men's Watch M0495261708100,1134.36
2023-05-30 15:52:29.026220,Multifort TV Big Date Automatic Grey Dial Men's Watch M0495261708100,1124.23
2023-05-31 15:52:29.026220,Multifort TV Big Date Automatic Grey Dial Men's Watch M0495261708100,1214.17
2023-06-01 15:52:29.026220,Multifort TV Big Date Automatic Grey Dial Men's Watch M0495261708100,1169.07
2023-06-02 15:52:29.026220,Multifort TV Big Date Automatic Grey Dial Men's Watch M0495261708100,1276.38
2023-06-03 15:52:29.026220,Multifort TV Big Date Automatic Grey Dial Men's Watch M0495261708100,1262.41
2023-06-04 15:52:29.026220,Multifort TV Big Date Automatic Grey Dial Men's Watch M0495261708100,1146.29
2023-06-05 15:52:29.026220,Multifort TV Big Date Automatic Grey Dial Men's Watch M0495261708100,1200.54
2023-06-06 15:52:29.026220,Multifort TV Big Date Automatic Grey Dial Men's Watch M0495261708100,1225.7
2023-06-07 15:52:29.026220,Multifort TV Big Date Automatic Grey Dial Men's Watch M0495261708100,1219.47
2023-06-08 15:52:29.026220,Multifort TV Big Date Automatic Grey Dial Men's Watch M0495261708100,1258.29
2023-06-09 15:52:29.026220,Multifort TV Big Date Automatic Grey Dial Men's Watch M0495261708100,1179.75
2023-06-10 15:52:29.026220,Multifort TV Big Date Automatic Grey Dial Men's Watch M0495261708100,1273.97
2023-06-11 15:52:29.026220,Multifort TV Big Date Automatic Grey Dial Men's Watch M0495261708100,1160.43
2023-06-12 15:52:29.026220,Multifort TV Big Date Automatic Grey Dial Men's Watch M0495261708100,1192.28
2023-06-13 15:52:29.026220,Multifort TV Big Date Automatic Grey Dial Men's Watch M0495261708100,1187.6
2023-06-14 15:52:29.026220,Multifort TV Big Date Automatic Grey Dial Men's Watch M0495261708100,1138.09
2023-06-15 15:52:29.026220,Multifort TV Big Date Automatic Grey Dial Men's Watch M0495261708100,1175.4
2023-06-16 15:52:29.026220,Multifort TV Big Date Automatic Grey Dial Men's Watch M0495261708100,1105.92
2023-06-17 15:52:29.026220,Multifort TV Big Date Automatic Grey Dial Men's Watch M0495261708100,1210.08
2023-06-18 15:52:29.026220,Multifort TV Big Date Automatic Grey Dial Men's Watch M0495261708100,1209.83
2023-06-19 15:52:29.026220,Multifort TV Big Date Automatic Grey Dial Men's Watch M0495261708100,1120.96
2023-06-20 15:52:29.026220,Multifort TV Big Date Automatic Grey Dial Men's Watch M0495261708100,1175.38
2023-06-21 15:52:29.026220,Multifort TV Big Date Automatic Grey Dial Men's Watch M0495261708100,1110.66
2023-06-22 15:52:29.026220,Multifort TV Big Date Automatic Grey Dial Men's Watch M0495261708100,1114.47
2023-06-23 15:52:29.026220,Multifort TV Big Date Automatic Grey Dial Men's Watch M0495261708100,1124.94
2023-06-24 15:52:29.026220,Multifort TV Big Date Automatic Grey Dial Men's Watch M0495261708100,1119.38
2023-06-25 15:52:29.026220,Multifort TV Big Date Automatic Grey Dial Men's Watch M0495261708100,1261.46
2023-06-26 15:52:29.026220,Multifort TV Big Date Automatic Grey Dial Men's Watch M0495261708100,1217.66
2023-06-27 15:52:29.026220,Multifort TV Big Date Automatic Grey Dial Men's Watch M0495261708100,1156.19
2023-06-28 15:52:29.026220,Multifort TV Big Date Automatic Grey Dial Men's Watch M0495261708100,1268.41
2023-06-29 15:52:29.026220,Multifort TV Big Date Automatic Grey Dial Men's Watch M0495261708100,1111.46
2023-06-30 15:52:29.026220,Multifort TV Big Date Automatic Grey Dial Men's Watch M0495261708100,1243.67
2023-07-01 15:52:29.026220,Multifort TV Big Date Automatic Grey Dial Men's Watch M0495261708100,1199.37
2023-07-02 15:52:29.026220,Multifort TV Big Date Automatic Grey Dial Men's Watch M0495261708100,1239.13
2023-07-03 15:52:29.026220,Multifort TV Big Date Automatic Grey Dial Men's Watch M0495261708100,1220.15
2023-07-04 15:52:29.026220,Multifort TV Big Date Automatic Grey Dial Men's Watch M0495261708100,1262.27
2023-07-05 15:52:29.026220,Multifort TV Big Date Automatic Grey Dial Men's Watch M0495261708100,1284.16
2023-07-06 15:52:29.026220,Multifort TV Big Date Automatic Grey Dial Men's Watch M0495261708100,1216.36
2023-07-07 15:52:29.026220,Multifort TV Big Date Automatic Grey Dial Men's Watch M0495261708100,1237.85
2023-07-08 15:52:29.026220,Multifort TV Big Date Automatic Grey Dial Men's Watch M0495261708100,1143.38
2023-07-09 15:52:29.026220,Multifort TV Big Date Automatic Grey Dial Men's Watch M0495261708100,1243.61
2023-07-10 15:52:29.026220,Multifort TV Big Date Automatic Grey Dial Men's Watch M0495261708100,1185.32
2023-07-11 15:52:29.026220,Multifort TV Big Date Automatic Grey Dial Men's Watch M0495261708100,1234.25
2023-07-12 15:52:29.026220,Multifort TV Big Date Automatic Grey Dial Men's Watch M0495261708100,1297.11
2023-07-13 15:52:29.026220,Multifort TV Big Date Automatic Grey Dial Men's Watch M0495261708100,1225.59
2023-07-14 15:52:29.026220,Multifort TV Big Date Automatic Grey Dial Men's Watch M0495261708100,1116.8
2023-07-15 15:52:29.026220,Multifort TV Big Date Automatic Grey Dial Men's Watch M0495261708100,1268.02
2023-07-16 15:52:29.026220,Multifort TV Big Date Automatic Grey Dial Men's Watch M0495261708100,1191.86
2023-07-17 15:52:29.026220,Multifort TV Big Date Automatic Grey Dial Men's Watch M0495261708100,1173.99
2023-07-18 15:52:29.026220,Multifort TV Big Date Automatic Grey Dial Men's Watch M0495261708100,1159.52
2023-07-19 15:52:29.026220,Multifort TV Big Date Automatic Grey Dial Men's Watch M0495261708100,1120.24
2023-07-20 15:52:29.026220,Multifort TV Big Date Automatic Grey Dial Men's Watch M0495261708100,1247.97
2023-07-21 15:52:29.026220,Multifort TV Big Date Automatic Grey Dial Men's Watch M0495261708100,1128.93
2023-07-22 15:52:29.026220,Multifort TV Big Date Automatic Grey Dial Men's Watch M0495261708100,1276.5
2023-07-23 15:52:29.026220,Multifort TV Big Date Automatic Grey Dial Men's Watch M0495261708100,1216.31
2023-07-24 15:52:29.026220,Multifort TV Big Date Automatic Grey Dial Men's Watch M0495261708100,1195.29
2023-07-25 15:52:29.026220,Multifort TV Big Date Automatic Grey Dial Men's Watch M0495261708100,1270.38
2023-07-26 15:52:29.026220,Multifort TV Big Date Automatic Grey Dial Men's Watch M0495261708100,1109.39
2023-07-27 15:52:29.026220,Multifort TV Big Date Automatic Grey Dial Men's Watch M0495261708100,1148.87
2023-07-28 15:52:29.026220,Multifort TV Big Date Automatic Grey Dial Men's Watch M0495261708100,1103.76
2023-07-29 15:52:29.026220,Multifort TV Big Date Automatic Grey Dial Men's Watch M0495261708100,1107.11
2023-07-30 15:52:29.026220,Multifort TV Big Date Automatic Grey Dial Men's Watch M0495261708100,1177.07
2023-07-31 15:52:29.026220,Multifort TV Big Date Automatic Grey Dial Men's Watch M0495261708100,1274.97
2023-08-01 15:52:29.026220,Multifort TV Big Date Automatic Grey Dial Men's Watch M0495261708100,1164.66
2023-08-02 15:52:29.026220,Multifort TV Big Date Automatic Grey Dial Men's Watch M0495261708100,1249.75
2023-08-03 15:52:29.026220,Multifort TV Big Date Automatic Grey Dial Men's Watch M0495261708100,1178.4
2023-08-04 15:52:29.026220,Multifort TV Big Date Automatic Grey Dial Men's Watch M0495261708100,1274.71
2023-08-05 15:52:29.026220,Multifort TV Big Date Automatic Grey Dial Men's Watch M0495261708100,1179.82
2023-08-06 15:52:29.026220,Multifort TV Big Date Automatic Grey Dial Men's Watch M0495261708100,1287.43
2023-08-07 15:52:29.026220,Multifort TV Big Date Automatic Grey Dial Men's Watch M0495261708100,1264.09
2023-08-08 15:52:29.026220,Multifort TV Big Date Automatic Grey Dial Men's Watch M0495261708100,1199.63
2023-08-09 15:52:29.026220,Multifort TV Big Date Automatic Grey Dial Men's Watch M0495261708100,1116.39
2023-08-10 15:52:29.026220,Multifort TV Big Date Automatic Grey Dial Men's Watch M0495261708100,1144.85
2023-08-11 15:52:29.026220,Multifort TV Big Date Automatic Grey Dial Men's Watch M0495261708100,1290.04
2023-08-12 15:52:29.026220,Multifort TV Big Date Automatic Grey Dial Men's Watch M0495261708100,1123.84
2023-08-13 15:52:29.026220,Multifort TV Big Date Automatic Grey Dial Men's Watch M0495261708100,1141.92
2023-08-14 15:52:29.026220,Multifort TV Big Date Automatic Grey Dial Men's Watch M0495261708100,1112.0
2023-08-15 15:52:29.026220,Multifort TV Big Date Automatic Grey Dial Men's Watch M0495261708100,1151.34
2023-08-16 15:52:29.026220,Multifort TV Big Date Automatic Grey Dial Men's Watch M0495261708100,1295.43
2023-08-17 15:52:29.026220,Multifort TV Big Date Automatic Grey Dial Men's Watch M0495261708100,1295.06
2023-08-18 15:52:29.026220,Multifort TV Big Date Automatic Grey Dial Men's Watch M0495261708100,1185.93
2023-08-19 15:52:29.026220,Multifort TV Big Date Automatic Grey Dial Men's Watch M0495261708100,1295.12
2023-08-20 15:52:29.026220,Multifort TV Big Date Automatic Grey Dial Men's Watch M0495261708100,1227.51
2023-08-21 15:52:29.026220,Multifort TV Big Date Automatic Grey Dial Men's Watch M0495261708100,1244.44
2023-08-22 15:52:29.026220,Multifort TV Big Date Automatic Grey Dial Men's Watch M0495261708100,1243.56
2023-08-23 15:52:29.026220,Multifort TV Big Date Automatic Grey Dial Men's Watch M0495261708100,1237.76
2023-08-24 15:52:29.026220,Multifort TV Big Date Automatic Grey Dial Men's Watch M0495261708100,1212.34
2023-08-25 15:52:29.026220,Multifort TV Big Date Automatic Grey Dial Men's Watch M0495261708100,1289.4
2023-08-26 15:52:29.026220,Multifort TV Big Date Automatic Grey Dial Men's Watch M0495261708100,1157.56
2023-08-27 15:52:29.026220,Multifort TV Big Date Automatic Grey Dial Men's Watch M0495261708100,1264.38
2023-08-28 15:52:29.026220,Multifort TV Big Date Automatic Grey Dial Men's Watch M0495261708100,1288.02
2023-08-29 15:52:29.026220,Multifort TV Big Date Automatic Grey Dial Men's Watch M0495261708100,1139.18
2023-08-30 15:52:29.026220,Multifort TV Big Date Automatic Grey Dial Men's Watch M0495261708100,1243.73
2023-08-31 15:52:29.026220,Multifort TV Big Date Automatic Grey Dial Men's Watch M0495261708100,1228.15
2023-09-01 15:52:29.026220,Multifort TV Big Date Automatic Grey Dial Men's Watch M0495261708100,1277.61
2023-09-02 15:52:29.026220,Multifort TV Big Date Automatic Grey Dial Men's Watch M0495261708100,1263.73
2023-09-03 15:52:29.026220,Multifort TV Big Date Automatic Grey Dial Men's Watch M0495261708100,1269.68
2023-09-04 15:52:29.026220,Multifort TV Big Date Automatic Grey Dial Men's Watch M0495261708100,1267.37
2023-09-05 15:52:29.026220,Multifort TV Big Date Automatic Grey Dial Men's Watch M0495261708100,1230.39
2023-09-06 15:52:29.026220,Multifort TV Big Date Automatic Grey Dial Men's Watch M0495261708100,1164.44
2023-09-07 15:52:29.026220,Multifort TV Big Date Automatic Grey Dial Men's Watch M0495261708100,1184.13
2023-09-08 15:52:29.026220,Multifort TV Big Date Automatic Grey Dial Men's Watch M0495261708100,1290.15
2023-09-09 15:52:29.026220,Multifort TV Big Date Automatic Grey Dial Men's Watch M0495261708100,1236.94
2023-09-10 15:52:29.026220,Multifort TV Big Date Automatic Grey Dial Men's Watch M0495261708100,1218.03
2023-09-11 15:52:29.026220,Multifort TV Big Date Automatic Grey Dial Men's Watch M0495261708100,1100.98
2023-09-12 15:52:29.026220,Multifort TV Big Date Automatic Grey Dial Men's Watch M0495261708100,1133.62
2023-09-13 15:52:29.026220,Multifort TV Big Date Automatic Grey Dial Men's Watch M0495261708100,1107.42
2023-09-14 15:52:29.026220,Multifort TV Big Date Automatic Grey Dial Men's Watch M0495261708100,1114.02
2023-09-15 15:52:29.026220,Multifort TV Big Date Automatic Grey Dial Men's Watch M0495261708100,1195.64
2023-09-16 15:52:29.026220,Multifort TV Big Date Automatic Grey Dial Men's Watch M0495261708100,1234.05
2023-09-17 15:52:29.026220,Multifort TV Big Date Automatic Grey Dial Men's Watch M0495261708100,1280.29
2023-09-18 15:52:29.026220,Multifort TV Big Date Automatic Grey Dial Men's Watch M0495261708100,1111.22
2023-09-19 15:52:29.026220,Multifort TV Big Date Automatic Grey Dial Men's Watch M0495261708100,1219.66
2023-09-20 15:52:29.026220,Multifort TV Big Date Automatic Grey Dial Men's Watch M0495261708100,1165.93
2023-09-21 15:52:29.026220,Multifort TV Big Date Automatic Grey Dial Men's Watch M0495261708100,1268.86
2023-09-22 15:52:29.026220,Multifort TV Big Date Automatic Grey Dial Men's Watch M0495261708100,1195.09
2023-09-23 15:52:29.026220,Multifort TV Big Date Automatic Grey Dial Men's Watch M0495261708100,1190.22
2023-09-24 15:52:29.026220,Multifort TV Big Date Automatic Grey Dial Men's Watch M0495261708100,1173.69
2023-09-25 15:52:29.026220,Multifort TV Big Date Automatic Grey Dial Men's Watch M0495261708100,1267.01
2023-09-26 15:52:29.026220,Multifort TV Big Date Automatic Grey Dial Men's Watch M0495261708100,1174.86
2023-09-27 15:52:29.026220,Multifort TV Big Date Automatic Grey Dial Men's Watch M0495261708100,1204.05
2023-09-28 15:52:29.026220,Multifort TV Big Date Automatic Grey Dial Men's Watch M0495261708100,1266.53
2023-09-29 15:52:29.026220,Multifort TV Big Date Automatic Grey Dial Men's Watch M0495261708100,1229.64
2023-09-30 15:52:29.026220,Multifort TV Big Date Automatic Grey Dial Men's Watch M0495261708100,1138.0
2023-10-01 15:52:29.026220,Multifort TV Big Date Automatic Grey Dial Men's Watch M0495261708100,1184.1
2023-10-02 15:52:29.026220,Multifort TV Big Date Automatic Grey Dial Men's Watch M0495261708100,1150.9
2023-10-03 15:52:29.026220,Multifort TV Big Date Automatic Grey Dial Men's Watch M0495261708100,1249.44
2023-10-04 15:52:29.026220,Multifort TV Big Date Automatic Grey Dial Men's Watch M0495261708100,1294.94
2023-10-05 15:52:29.026220,Multifort TV Big Date Automatic Grey Dial Men's Watch M0495261708100,1108.71
2023-10-06 15:52:29.026220,Multifort TV Big Date Automatic Grey Dial Men's Watch M0495261708100,1204.09
2023-10-07 15:52:29.026220,Multifort TV Big Date Automatic Grey Dial Men's Watch M0495261708100,1268.34
2023-10-08 15:52:29.026220,Multifort TV Big Date Automatic Grey Dial Men's Watch M0495261708100,1263.21
2023-10-09 15:52:29.026220,Multifort TV Big Date Automatic Grey Dial Men's Watch M0495261708100,1161.14
2023-10-10 15:52:29.026220,Multifort TV Big Date Automatic Grey Dial Men's Watch M0495261708100,1261.72
2023-10-11 15:52:29.026220,Multifort TV Big Date Automatic Grey Dial Men's Watch M0495261708100,1159.15
2023-10-12 15:52:29.026220,Multifort TV Big Date Automatic Grey Dial Men's Watch M0495261708100,1269.5
2023-10-13 15:52:29.026220,Multifort TV Big Date Automatic Grey Dial Men's Watch M0495261708100,1240.76
2023-10-14 15:52:29.026220,Multifort TV Big Date Automatic Grey Dial Men's Watch M0495261708100,1223.49
2023-10-15 15:52:29.026220,Multifort TV Big Date Automatic Grey Dial Men's Watch M0495261708100,1108.28
2023-10-16 15:52:29.026220,Multifort TV Big Date Automatic Grey Dial Men's Watch M0495261708100,1119.93
2023-10-17 15:52:29.026220,Multifort TV Big Date Automatic Grey Dial Men's Watch M0495261708100,1242.89
2023-10-18 15:52:29.026220,Multifort TV Big Date Automatic Grey Dial Men's Watch M0495261708100,1138.44
2023-10-19 15:52:29.026220,Multifort TV Big Date Automatic Grey Dial Men's Watch M0495261708100,1265.01
2023-10-20 15:52:29.026220,Multifort TV Big Date Automatic Grey Dial Men's Watch M0495261708100,1200.84
2023-10-21 15:52:29.026220,Multifort TV Big Date Automatic Grey Dial Men's Watch M0495261708100,1180.98
2023-10-22 15:52:29.026220,Multifort TV Big Date Automatic Grey Dial Men's Watch M0495261708100,1181.47
2023-10-23 15:52:29.026220,Multifort TV Big Date Automatic Grey Dial Men's Watch M0495261708100,1146.99
2023-10-24 15:52:29.026220,Multifort TV Big Date Automatic Grey Dial Men's Watch M0495261708100,1175.59
2023-10-25 15:52:29.026220,Multifort TV Big Date Automatic Grey Dial Men's Watch M0495261708100,1106.95
2023-10-26 15:52:29.026220,Multifort TV Big Date Automatic Grey Dial Men's Watch M0495261708100,1209.49
2023-10-27 15:52:29.026220,Multifort TV Big Date Automatic Grey Dial Men's Watch M0495261708100,1264.65
2023-10-28 15:52:29.026220,Multifort TV Big Date Automatic Grey Dial Men's Watch M0495261708100,1272.59
2023-10-29 15:52:29.026220,Multifort TV Big Date Automatic Grey Dial Men's Watch M0495261708100,1275.09
2023-10-30 15:52:29.026220,Multifort TV Big Date Automatic Grey Dial Men's Watch M0495261708100,1134.9
2023-10-31 15:52:29.026220,Multifort TV Big Date Automatic Grey Dial Men's Watch M0495261708100,1121.58
2023-11-01 15:52:29.026220,Multifort TV Big Date Automatic Grey Dial Men's Watch M0495261708100,1189.68
2023-11-02 15:52:29.026220,Multifort TV Big Date Automatic Grey Dial Men's Watch M0495261708100,1254.8
2023-11-03 15:52:29.026220,Multifort TV Big Date Automatic Grey Dial Men's Watch M0495261708100,1137.95
2023-11-04 15:52:29.026220,Multifort TV Big Date Automatic Grey Dial Men's Watch M0495261708100,1172.96
2023-11-05 15:52:29.026220,Multifort TV Big Date Automatic Grey Dial Men's Watch M0495261708100,1230.57
2023-11-06 15:52:29.026220,Multifort TV Big Date Automatic Grey Dial Men's Watch M0495261708100,1210.85
2023-11-07 15:52:29.026220,Multifort TV Big Date Automatic Grey Dial Men's Watch M0495261708100,1137.29
2023-11-08 15:52:29.026220,Multifort TV Big Date Automatic Grey Dial Men's Watch M0495261708100,1117.31
2023-11-09 15:52:29.026220,Multifort TV Big Date Automatic Grey Dial Men's Watch M0495261708100,1203.37
2023-11-10 15:52:29.026220,Multifort TV Big Date Automatic Grey Dial Men's Watch M0495261708100,1132.91
2023-11-11 15:52:29.026220,Multifort TV Big Date Automatic Grey Dial Men's Watch M0495261708100,1183.78
2023-11-12 15:52:29.026220,Multifort TV Big Date Automatic Grey Dial Men's Watch M0495261708100,1168.13
2023-11-13 15:52:29.026220,Multifort TV Big Date Automatic Grey Dial Men's Watch M0495261708100,1185.62
2023-11-14 15:52:29.026220,Multifort TV Big Date Automatic Grey Dial Men's Watch M0495261708100,1232.13
2023-11-15 15:52:29.026220,Multifort TV Big Date Automatic Grey Dial Men's Watch M0495261708100,1295.35
2023-11-16 15:52:29.026220,Multifort TV Big Date Automatic Grey Dial Men's Watch M0495261708100,1240.13
2023-11-17 15:52:29.026220,Multifort TV Big Date Automatic Grey Dial Men's Watch M0495261708100,1190.86
2023-11-18 15:52:29.026220,Multifort TV Big Date Automatic Grey Dial Men's Watch M0495261708100,1273.37
2023-11-19 15:52:29.026220,Multifort TV Big Date Automatic Grey Dial Men's Watch M0495261708100,1206.14
2023-11-20 15:52:29.026220,Multifort TV Big Date Automatic Grey Dial Men's Watch M0495261708100,1254.15
2023-11-21 15:52:29.026220,Multifort TV Big Date Automatic Grey Dial Men's Watch M0495261708100,1289.97
2023-11-22 15:52:29.026220,Multifort TV Big Date Automatic Grey Dial Men's Watch M0495261708100,1164.93
2023-11-23 15:52:29.026220,Multifort TV Big Date Automatic Grey Dial Men's Watch M0495261708100,1232.52
2023-11-24 15:52:29.026220,Multifort TV Big Date Automatic Grey Dial Men's Watch M0495261708100,1140.09
2023-11-25 15:52:29.026220,Multifort TV Big Date Automatic Grey Dial Men's Watch M0495261708100,1227.06
2023-11-26 15:52:29.026220,Multifort TV Big Date Automatic Grey Dial Men's Watch M0495261708100,1155.62
2023-11-27 15:52:29.026220,Multifort TV Big Date Automatic Grey Dial Men's Watch M0495261708100,1204.66
2023-11-28 15:52:29.026220,Multifort TV Big Date Automatic Grey Dial Men's Watch M0495261708100,1214.69
2023-11-29 15:52:29.026220,Multifort TV Big Date Automatic Grey Dial Men's Watch M0495261708100,1153.4
2023-11-30 15:52:29.026220,Multifort TV Big Date Automatic Grey Dial Men's Watch M0495261708100,1235.18
2023-12-01 15:52:29.026220,Multifort TV Big Date Automatic Grey Dial Men's Watch M0495261708100,1284.01
2023-12-02 15:52:29.026220,Multifort TV Big Date Automatic Grey Dial Men's Watch M0495261708100,1105.09
2023-12-03 15:52:29.026220,Multifort TV Big Date Automatic Grey Dial Men's Watch M0495261708100,1299.34
2023-12-04 15:52:29.026220,Multifort TV Big Date Automatic Grey Dial Men's Watch M0495261708100,1268.42
2023-12-05 15:52:29.026220,Multifort TV Big Date Automatic Grey Dial Men's Watch M0495261708100,1152.27
2023-12-06 15:52:29.026220,Multifort TV Big Date Automatic Grey Dial Men's Watch M0495261708100,1286.86
2023-12-07 15:52:29.026220,Multifort TV Big Date Automatic Grey Dial Men's Watch M0495261708100,1120.98
2023-12-08 15:52:29.026220,Multifort TV Big Date Automatic Grey Dial Men's Watch M0495261708100,1239.69
2023-12-09 15:52:29.026220,Multifort TV Big Date Automatic Grey Dial Men's Watch M0495261708100,1111.17
2023-12-10 15:52:29.026220,Multifort TV Big Date Automatic Grey Dial Men's Watch M0495261708100,1295.88
2023-12-11 15:52:29.026220,Multifort TV Big Date Automatic Grey Dial Men's Watch M0495261708100,1270.5
2023-12-12 15:52:29.026220,Multifort TV Big Date Automatic Grey Dial Men's Watch M0495261708100,1274.97
2023-12-13 15:52:29.026220,Multifort TV Big Date Automatic Grey Dial Men's Watch M0495261708100,1297.84
2023-12-14 15:52:29.026220,Multifort TV Big Date Automatic Grey Dial Men's Watch M0495261708100,1149.36
2023-12-15 15:52:29.026220,Multifort TV Big Date Automatic Grey Dial Men's Watch M0495261708100,1246.72
2023-12-16 15:52:29.026220,Multifort TV Big Date Automatic Grey Dial Men's Watch M0495261708100,1252.87
2023-12-17 15:52:29.026220,Multifort TV Big Date Automatic Grey Dial Men's Watch M0495261708100,1271.45
2023-12-18 15:52:29.026220,Multifort TV Big Date Automatic Grey Dial Men's Watch M0495261708100,1216.65
2023-12-19 15:52:29.026220,Multifort TV Big Date Automatic Grey Dial Men's Watch M0495261708100,1116.0
2023-12-20 15:52:29.026220,Multifort TV Big Date Automatic Grey Dial Men's Watch M0495261708100,1191.83
2023-12-21 15:52:29.026220,Multifort TV Big Date Automatic Grey Dial Men's Watch M0495261708100,1110.69
2023-12-22 15:52:29.026220,Multifort TV Big Date Automatic Grey Dial Men's Watch M0495261708100,1185.29
2023-12-23 15:52:29.026220,Multifort TV Big Date Automatic Grey Dial Men's Watch M0495261708100,1119.73
2023-12-24 15:52:29.026220,Multifort TV Big Date Automatic Grey Dial Men's Watch M0495261708100,1181.77
2023-12-25 15:52:29.026220,Multifort TV Big Date Automatic Grey Dial Men's Watch M0495261708100,1159.5
2023-12-26 15:52:29.026220,Multifort TV Big Date Automatic Grey Dial Men's Watch M0495261708100,1176.42
2023-12-27 15:52:29.026220,Multifort TV Big Date Automatic Grey Dial Men's Watch M0495261708100,1266.88
2023-12-28 15:52:29.026220,Multifort TV Big Date Automatic Grey Dial Men's Watch M0495261708100,1119.25
2023-12-29 15:52:29.026220,Multifort TV Big Date Automatic Grey Dial Men's Watch M0495261708100,1116.42
2023-12-30 15:52:29.026220,Multifort TV Big Date Automatic Grey Dial Men's Watch M0495261708100,1229.59
2023-12-31 15:52:29.026220,Multifort TV Big Date Automatic Grey Dial Men's Watch M0495261708100,1266.6
2024-01-01 15:52:29.026220,Multifort TV Big Date Automatic Grey Dial Men's Watch M0495261708100,1227.44
2024-01-02 15:52:29.026220,Multifort TV Big Date Automatic Grey Dial Men's Watch M0495261708100,1106.78
2024-01-03 15:52:29.026220,Multifort TV Big Date Automatic Grey Dial Men's Watch M0495261708100,1112.65
2024-01-04 15:52:29.026220,Multifort TV Big Date Automatic Grey Dial Men's Watch M0495261708100,1291.64
2024-01-05 15:52:29.026220,Multifort TV Big Date Automatic Grey Dial Men's Watch M0495261708100,1286.58
2024-01-06 15:52:29.026220,Multifort TV Big Date Automatic Grey Dial Men's Watch M0495261708100,1205.47
2024-01-07 15:52:29.026220,Multifort TV Big Date Automatic Grey Dial Men's Watch M0495261708100,1176.23
2024-01-08 15:52:29.026220,Multifort TV Big Date Automatic Grey Dial Men's Watch M0495261708100,1276.78
2024-01-09 15:52:29.026220,Multifort TV Big Date Automatic Grey Dial Men's Watch M0495261708100,1228.82
2024-01-10 15:52:29.026220,Multifort TV Big Date Automatic Grey Dial Men's Watch M0495261708100,1197.85
2024-01-11 15:52:29.026220,Multifort TV Big Date Automatic Grey Dial Men's Watch M0495261708100,1251.1
2024-01-12 15:52:29.026220,Multifort TV Big Date Automatic Grey Dial Men's Watch M0495261708100,1134.79
2024-01-13 15:52:29.026220,Multifort TV Big Date Automatic Grey Dial Men's Watch M0495261708100,1203.91
2024-01-14 15:52:29.026220,Multifort TV Big Date Automatic Grey Dial Men's Watch M0495261708100,1289.44
2024-01-15 15:52:29.026220,Multifort TV Big Date Automatic Grey Dial Men's Watch M0495261708100,1163.7
2024-01-16 15:52:29.026220,Multifort TV Big Date Automatic Grey Dial Men's Watch M0495261708100,1130.24
2024-01-17 15:52:29.026220,Multifort TV Big Date Automatic Grey Dial Men's Watch M0495261708100,1277.42
2024-01-18 15:52:29.026220,Multifort TV Big Date Automatic Grey Dial Men's Watch M0495261708100,1119.23
2024-01-19 15:52:29.026220,Multifort TV Big Date Automatic Grey Dial Men's Watch M0495261708100,1297.13
2024-01-20 15:52:29.026220,Multifort TV Big Date Automatic Grey Dial Men's Watch M0495261708100,1179.93
2024-01-21 15:52:29.026220,Multifort TV Big Date Automatic Grey Dial Men's Watch M0495261708100,1192.58
2024-01-22 15:52:29.026220,Multifort TV Big Date Automatic Grey Dial Men's Watch M0495261708100,1118.35
2024-01-23 15:52:29.026220,Multifort TV Big Date Automatic Grey Dial Men's Watch M0495261708100,1193.39
2024-01-24 15:52:29.026220,Multifort TV Big Date Automatic Grey Dial Men's Watch M0495261708100,1277.26
2024-01-25 15:52:29.026220,Multifort TV Big Date Automatic Grey Dial Men's Watch M0495261708100,1276.58
2024-01-26 15:52:29.026220,Multifort TV Big Date Automatic Grey Dial Men's Watch M0495261708100,1288.71
2024-01-27 15:52:29.026220,Multifort TV Big Date Automatic Grey Dial Men's Watch M0495261708100,1206.46
2024-01-28 15:52:29.026220,Multifort TV Big Date Automatic Grey Dial Men's Watch M0495261708100,1294.37
2024-01-29 15:52:29.026220,Multifort TV Big Date Automatic Grey Dial Men's Watch M0495261708100,1113.88
2024-01-30 15:52:29.026220,Multifort TV Big Date Automatic Grey Dial Men's Watch M0495261708100,1200.06
2024-01-31 15:52:29.026220,Multifort TV Big Date Automatic Grey Dial Men's Watch M0495261708100,1218.92
2024-02-01 15:52:29.026220,Multifort TV Big Date Automatic Grey Dial Men's Watch M0495261708100,1260.58
2024-02-02 15:52:29.026220,Multifort TV Big Date Automatic Grey Dial Men's Watch M0495261708100,1173.3
2024-02-03 15:52:29.026220,Multifort TV Big Date Automatic Grey Dial Men's Watch M0495261708100,1273.96
2024-02-04 15:52:29.026220,Multifort TV Big Date Automatic Grey Dial Men's Watch M0495261708100,1231.45
2024-02-05 15:52:29.026220,Multifort TV Big Date Automatic Grey Dial Men's Watch M0495261708100,1269.82
2024-02-06 15:52:29.026220,Multifort TV Big Date Automatic Grey Dial Men's Watch M0495261708100,1249.33
2024-02-07 15:52:29.026220,Multifort TV Big Date Automatic Grey Dial Men's Watch M0495261708100,1205.31
2024-02-08 15:52:29.026220,Multifort TV Big Date Automatic Grey Dial Men's Watch M0495261708100,1214.77
2024-02-09 15:52:29.026220,Multifort TV Big Date Automatic Grey Dial Men's Watch M0495261708100,1154.61
2024-02-10 15:52:29.026220,Multifort TV Big Date Automatic Grey Dial Men's Watch M0495261708100,1199.58
2024-02-11 15:52:29.026220,Multifort TV Big Date Automatic Grey Dial Men's Watch M0495261708100,1161.85
2024-02-12 15:52:29.026220,Multifort TV Big Date Automatic Grey Dial Men's Watch M0495261708100,1243.34
2024-02-13 15:52:29.026220,Multifort TV Big Date Automatic Grey Dial Men's Watch M0495261708100,1226.11
2024-02-14 15:52:29.026220,Multifort TV Big Date Automatic Grey Dial Men's Watch M0495261708100,1271.53
2024-02-15 15:52:29.026220,Multifort TV Big Date Automatic Grey Dial Men's Watch M0495261708100,1169.62
2024-02-16 15:52:29.026220,Multifort TV Big Date Automatic Grey Dial Men's Watch M0495261708100,1248.54
2024-02-17 15:52:29.026220,Multifort TV Big Date Automatic Grey Dial Men's Watch M0495261708100,1215.87
2024-02-18 15:52:29.026220,Multifort TV Big Date Automatic Grey Dial Men's Watch M0495261708100,1129.51
2024-02-19 15:52:29.026220,Multifort TV Big Date Automatic Grey Dial Men's Watch M0495261708100,1223.83
2024-02-20 15:52:29.026220,Multifort TV Big Date Automatic Grey Dial Men's Watch M0495261708100,1260.83
2024-02-21 15:52:29.026220,Multifort TV Big Date Automatic Grey Dial Men's Watch M0495261708100,1229.58
2024-02-22 15:52:29.026220,Multifort TV Big Date Automatic Grey Dial Men's Watch M0495261708100,1162.48
2024-02-23 15:52:29.026220,Multifort TV Big Date Automatic Grey Dial Men's Watch M0495261708100,1103.6
2024-02-24 15:52:29.026220,Multifort TV Big Date Automatic Grey Dial Men's Watch M0495261708100,1166.07
2024-02-25 15:52:29.026220,Multifort TV Big Date Automatic Grey Dial Men's Watch M0495261708100,1179.54
2024-02-26 15:52:29.026220,Multifort TV Big Date Automatic Grey Dial Men's Watch M0495261708100,1182.3
2024-02-27 15:52:29.026220,Multifort TV Big Date Automatic Grey Dial Men's Watch M0495261708100,1128.5
2024-02-28 15:52:29.026220,Multifort TV Big Date Automatic Grey Dial Men's Watch M0495261708100,1265.4
2024-02-29 15:52:29.026220,Multifort TV Big Date Automatic Grey Dial Men's Watch M0495261708100,1129.17
2024-03-01 15:52:29.026220,Multifort TV Big Date Automatic Grey Dial Men's Watch M0495261708100,1152.32
2024-03-02 15:52:29.026220,Multifort TV Big Date Automatic Grey Dial Men's Watch M0495261708100,1124.29
2024-03-03 15:52:29.026220,Multifort TV Big Date Automatic Grey Dial Men's Watch M0495261708100,1113.06
2024-03-04 15:52:29.026220,Multifort TV Big Date Automatic Grey Dial Men's Watch M0495261708100,1275.91
2024-03-05 15:52:29.026220,Multifort TV Big Date Automatic Grey Dial Men's Watch M0495261708100,1217.76
2024-03-06 15:52:29.026220,Multifort TV Big Date Automatic Grey Dial Men's Watch M0495261708100,1107.77
2024-03-07 15:52:29.026220,Multifort TV Big Date Automatic Grey Dial Men's Watch M0495261708100,1152.77
2024-03-08 15:52:29.026220,Multifort TV Big Date Automatic Grey Dial Men's Watch M0495261708100,1115.97
2024-03-09 15:52:29.026220,Multifort TV Big Date Automatic Grey Dial Men's Watch M0495261708100,1162.41
2024-03-10 15:52:29.026220,Multifort TV Big Date Automatic Grey Dial Men's Watch M0495261708100,1216.39
2024-03-11 15:52:29.026220,Multifort TV Big Date Automatic Grey Dial Men's Watch M0495261708100,1126.34
2024-03-12 15:52:29.026220,Multifort TV Big Date Automatic Grey Dial Men's Watch M0495261708100,1273.29
2024-03-13 15:52:29.026220,Multifort TV Big Date Automatic Grey Dial Men's Watch M0495261708100,1277.68
2024-03-14 15:52:29.026220,Multifort TV Big Date Automatic Grey Dial Men's Watch M0495261708100,1246.2
2024-03-15 15:52:29.026220,Multifort TV Big Date Automatic Grey Dial Men's Watch M0495261708100,1168.48
2024-03-16 15:52:29.026220,Multifort TV Big Date Automatic Grey Dial Men's Watch M0495261708100,1140.93
2024-03-17 15:52:29.026220,Multifort TV Big Date Automatic Grey Dial Men's Watch M0495261708100,1203.88
2024-03-18 15:52:29.026220,Multifort TV Big Date Automatic Grey Dial Men's Watch M0495261708100,1195.5
2024-03-19 15:52:29.026220,Multifort TV Big Date Automatic Grey Dial Men's Watch M0495261708100,1228.3
2024-03-20 15:52:29.026220,Multifort TV Big Date Automatic Grey Dial Men's Watch M0495261708100,1238.46
2024-03-21 15:52:29.026220,Multifort TV Big Date Automatic Grey Dial Men's Watch M0495261708100,1163.57
2024-03-22 15:52:29.026220,Multifort TV Big Date Automatic Grey Dial Men's Watch M0495261708100,1179.49
2024-03-23 15:52:29.026220,Multifort TV Big Date Automatic Grey Dial Men's Watch M0495261708100,1241.37
2024-03-24 15:52:29.026220,Multifort TV Big Date Automatic Grey Dial Men's Watch M0495261708100,1149.56
2024-03-25 15:52:29.026220,Multifort TV Big Date Automatic Grey Dial Men's Watch M0495261708100,1182.1
2024-03-26 15:52:29.026220,Multifort TV Big Date Automatic Grey Dial Men's Watch M0495261708100,1122.91
2024-03-27 15:52:29.026220,Multifort TV Big Date Automatic Grey Dial Men's Watch M0495261708100,1273.44
2024-03-28 15:52:29.026220,Multifort TV Big Date Automatic Grey Dial Men's Watch M0495261708100,1108.25
2024-03-29 15:52:29.026220,Multifort TV Big Date Automatic Grey Dial Men's Watch M0495261708100,1189.64
2024-03-30 15:52:29.026220,Multifort TV Big Date Automatic Grey Dial Men's Watch M0495261708100,1192.54
2024-03-31 15:52:29.026220,Multifort TV Big Date Automatic Grey Dial Men's Watch M0495261708100,1285.49
2024-04-01 15:52:29.026220,Multifort TV Big Date Automatic Grey Dial Men's Watch M0495261708100,1285.27
2024-04-02 15:52:29.026220,Multifort TV Big Date Automatic Grey Dial Men's Watch M0495261708100,1172.34
2024-04-03 15:52:29.026220,Multifort TV Big Date Automatic Grey Dial Men's Watch M0495261708100,1136.59
2024-04-04 15:52:29.026220,Multifort TV Big Date Automatic Grey Dial Men's Watch M0495261708100,1224.21
2024-04-05 15:52:29.026220,Multifort TV Big Date Automatic Grey Dial Men's Watch M0495261708100,1297.02
2024-04-06 15:52:29.026220,Multifort TV Big Date Automatic Grey Dial Men's Watch M0495261708100,1153.69
2024-04-07 15:52:29.026220,Multifort TV Big Date Automatic Grey Dial Men's Watch M0495261708100,1129.48
2024-04-08 15:52:29.026220,Multifort TV Big Date Automatic Grey Dial Men's Watch M0495261708100,1287.42
2024-04-09 15:52:29.026220,Multifort TV Big Date Automatic Grey Dial Men's Watch M0495261708100,1269.72
2024-04-10 15:52:29.026220,Multifort TV Big Date Automatic Grey Dial Men's Watch M0495261708100,1108.34
2024-04-11 15:52:29.026220,Multifort TV Big Date Automatic Grey Dial Men's Watch M0495261708100,1116.06
2024-04-12 15:52:29.026220,Multifort TV Big Date Automatic Grey Dial Men's Watch M0495261708100,1164.88
2024-04-13 15:52:29.026220,Multifort TV Big Date Automatic Grey Dial Men's Watch M0495261708100,1143.47
2024-04-14 15:52:29.026220,Multifort TV Big Date Automatic Grey Dial Men's Watch M0495261708100,1282.49
2024-04-15 15:52:29.026220,Multifort TV Big Date Automatic Grey Dial Men's Watch M0495261708100,1172.48
2024-04-16 15:52:29.026220,Multifort TV Big Date Automatic Grey Dial Men's Watch M0495261708100,1111.02
2024-04-17 15:52:29.026220,Multifort TV Big Date Automatic Grey Dial Men's Watch M0495261708100,1135.26
2024-04-18 15:52:29.026220,Multifort TV Big Date Automatic Grey Dial Men's Watch M0495261708100,1263.42
2024-04-19 15:52:29.026220,Multifort TV Big Date Automatic Grey Dial Men's Watch M0495261708100,1290.16
2024-04-20 15:52:29.026220,Multifort TV Big Date Automatic Grey Dial Men's Watch M0495261708100,1200.96
2024-04-21 15:52:29.026220,Multifort TV Big Date Automatic Grey Dial Men's Watch M0495261708100,1296.78
2024-04-22 15:52:29.026220,Multifort TV Big Date Automatic Grey Dial Men's Watch M0495261708100,1299.3
2024-04-23 15:52:29.026220,Multifort TV Big Date Automatic Grey Dial Men's Watch M0495261708100,1100.84
2024-04-24 15:52:29.026220,Multifort TV Big Date Automatic Grey Dial Men's Watch M0495261708100,1128.76
2024-04-25 15:52:29.026220,Multifort TV Big Date Automatic Grey Dial Men's Watch M0495261708100,1221.96
2024-04-26 15:52:29.026220,Multifort TV Big Date Automatic Grey Dial Men's Watch M0495261708100,1215.28
2024-04-27 15:52:29.026220,Multifort TV Big Date Automatic Grey Dial Men's Watch M0495261708100,1254.24
2024-04-28 15:52:29.026220,Multifort TV Big Date Automatic Grey Dial Men's Watch M0495261708100,1299.92
2024-04-29 15:52:29.026220,Multifort TV Big Date Automatic Grey Dial Men's Watch M0495261708100,1199.18
2024-04-30 15:52:29.026220,Multifort TV Big Date Automatic Grey Dial Men's Watch M0495261708100,1101.44
2024-05-01 15:52:29.026220,Multifort TV Big Date Automatic Grey Dial Men's Watch M0495261708100,1169.48
2024-05-02 15:52:29.026220,Multifort TV Big Date Automatic Grey Dial Men's Watch M0495261708100,1177.09
2024-05-03 15:52:29.026220,Multifort TV Big Date Automatic Grey Dial Men's Watch M0495261708100,1110.23
2024-05-04 15:52:29.026220,Multifort TV Big Date Automatic Grey Dial Men's Watch M0495261708100,1217.5
2024-05-05 15:52:29.026220,Multifort TV Big Date Automatic Grey Dial Men's Watch M0495261708100,1115.85
2024-05-06 15:52:29.026220,Multifort TV Big Date Automatic Grey Dial Men's Watch M0495261708100,1217.69
2024-05-07 15:52:29.026220,Multifort TV Big Date Automatic Grey Dial Men's Watch M0495261708100,1208.16
2024-05-08 15:52:29.026220,Multifort TV Big Date Automatic Grey Dial Men's Watch M0495261708100,1251.35
2024-05-09 15:52:29.026220,Multifort TV Big Date Automatic Grey Dial Men's Watch M0495261708100,1161.51
2024-05-10 15:52:29.026220,Multifort TV Big Date Automatic Grey Dial Men's Watch M0495261708100,1124.13
2024-05-11 15:52:29.026220,Multifort TV Big Date Automatic Grey Dial Men's Watch M0495261708100,1182.56
2024-05-12 15:52:29.026220,Multifort TV Big Date Automatic Grey Dial Men's Watch M0495261708100,1107.32
2024-05-13 15:52:29.026220,Multifort TV Big Date Automatic Grey Dial Men's Watch M0495261708100,1187.51
2024-05-14 15:52:29.026220,Multifort TV Big Date Automatic Grey Dial Men's Watch M0495261708100,1101.98
2024-05-15 15:52:29.026220,Multifort TV Big Date Automatic Grey Dial Men's Watch M0495261708100,1196.5
2024-05-16 15:52:29.026220,Multifort TV Big Date Automatic Grey Dial Men's Watch M0495261708100,1190.41
2024-05-17 15:52:29.026220,Multifort TV Big Date Automatic Grey Dial Men's Watch M0495261708100,1181.71
2024-05-18 15:52:29.026220,Multifort TV Big Date Automatic Grey Dial Men's Watch M0495261708100,1272.09
2024-05-19 15:52:29.026220,Multifort TV Big Date Automatic Grey Dial Men's Watch M0495261708100,1104.02
2024-05-20 15:52:29.026220,Multifort TV Big Date Automatic Grey Dial Men's Watch M0495261708100,1223.77
2024-05-21 15:52:29.026220,Multifort TV Big Date Automatic Grey Dial Men's Watch M0495261708100,1197.66
2024-05-22 15:52:29.026220,Multifort TV Big Date Automatic Grey Dial Men's Watch M0495261708100,1160.48
2024-05-23 15:52:29.026220,Multifort TV Big Date Automatic Grey Dial Men's Watch M0495261708100,1273.98
2024-05-24 15:52:29.026220,Multifort TV Big Date Automatic Grey Dial Men's Watch M0495261708100,1267.42
2024-05-25 15:52:29.026220,Multifort TV Big Date Automatic Grey Dial Men's Watch M0495261708100,1254.14
2024-05-26 15:52:29.026220,Multifort TV Big Date Automatic Grey Dial Men's Watch M0495261708100,1120.44
2024-05-27 15:52:29.026220,Multifort TV Big Date Automatic Grey Dial Men's Watch M0495261708100,1173.68
2024-05-28 15:52:29.026220,Multifort TV Big Date Automatic Grey Dial Men's Watch M0495261708100,1236.47
2024-05-29 15:52:29.026220,Multifort TV Big Date Automatic Grey Dial Men's Watch M0495261708100,1160.97
2024-05-30 15:52:29.026220,Multifort TV Big Date Automatic Grey Dial Men's Watch M0495261708100,1183.56
2024-05-31 15:52:29.026220,Multifort TV Big Date Automatic Grey Dial Men's Watch M0495261708100,1122.11
2024-06-01 15:52:29.026220,Multifort TV Big Date Automatic Grey Dial Men's Watch M0495261708100,1127.16
2024-06-02 15:52:29.026220,Multifort TV Big Date Automatic Grey Dial Men's Watch M0495261708100,1110.57
2024-06-03 15:52:29.026220,Multifort TV Big Date Automatic Grey Dial Men's Watch M0495261708100,1164.63
2024-06-04 15:52:29.026220,Multifort TV Big Date Automatic Grey Dial Men's Watch M0495261708100,1162.44
2024-06-05 15:52:29.026220,Multifort TV Big Date Automatic Grey Dial Men's Watch M0495261708100,1105.68
2024-06-06 15:52:29.026220,Multifort TV Big Date Automatic Grey Dial Men's Watch M0495261708100,1166.1
2024-06-07 15:52:29.026220,Multifort TV Big Date Automatic Grey Dial Men's Watch M0495261708100,1290.78
2024-06-08 15:52:29.026220,Multifort TV Big Date Automatic Grey Dial Men's Watch M0495261708100,1292.13
2024-06-09 15:52:29.026220,Multifort TV Big Date Automatic Grey Dial Men's Watch M0495261708100,1197.02
2024-06-10 15:52:29.026220,Multifort TV Big Date Automatic Grey Dial Men's Watch M0495261708100,1271.58
2024-06-11 15:52:29.026220,Multifort TV Big Date Automatic Grey Dial Men's Watch M0495261708100,1299.81
2024-06-12 15:52:29.026220,Multifort TV Big Date Automatic Grey Dial Men's Watch M0495261708100,1180.33
2024-06-13 15:52:29.026220,Multifort TV Big Date Automatic Grey Dial Men's Watch M0495261708100,1102.62
2024-06-14 15:52:29.026220,Multifort TV Big Date Automatic Grey Dial Men's Watch M0495261708100,1144.37
2024-06-15 15:52:29.026220,Multifort TV Big Date Automatic Grey Dial Men's Watch M0495261708100,1135.07
2024-06-16 15:52:29.026220,Multifort TV Big Date Automatic Grey Dial Men's Watch M0495261708100,1226.25
2024-06-17 15:52:29.026220,Multifort TV Big Date Automatic Grey Dial Men's Watch M0495261708100,1114.91
2024-06-18 15:52:29.026220,Multifort TV Big Date Automatic Grey Dial Men's Watch M0495261708100,1286.64
2024-06-19 15:52:29.026220,Multifort TV Big Date Automatic Grey Dial Men's Watch M0495261708100,1216.19
2024-06-20 15:52:29.026220,Multifort TV Big Date Automatic Grey Dial Men's Watch M0495261708100,1189.48
2024-06-21 15:52:29.026220,Multifort TV Big Date Automatic Grey Dial Men's Watch M0495261708100,1114.46
2024-06-22 15:52:29.026220,Multifort TV Big Date Automatic Grey Dial Men's Watch M0495261708100,1270.25
2024-06-23 15:52:29.026220,Multifort TV Big Date Automatic Grey Dial Men's Watch M0495261708100,1285.39
2024-06-24 15:52:29.026220,Multifort TV Big Date Automatic Grey Dial Men's Watch M0495261708100,1124.7
2024-06-25 15:52:29.026220,Multifort TV Big Date Automatic Grey Dial Men's Watch M0495261708100,1273.8
2024-06-26 15:52:29.026220,Multifort TV Big Date Automatic Grey Dial Men's Watch M0495261708100,1191.56
2024-06-27 15:52:29.026220,Multifort TV Big Date Automatic Grey Dial Men's Watch M0495261708100,1223.71
2024-06-28 15:52:29.026220,Multifort TV Big Date Automatic Grey Dial Men's Watch M0495261708100,1134.47
2024-06-29 15:52:29.026220,Multifort TV Big Date Automatic Grey Dial Men's Watch M0495261708100,1285.58
2024-06-30 15:52:29.026220,Multifort TV Big Date Automatic Grey Dial Men's Watch M0495261708100,1141.6
2024-07-01 15:52:29.026220,Multifort TV Big Date Automatic Grey Dial Men's Watch M0495261708100,1142.86
